uuid,mutation_list,wild_total_energy,mutant_total_energy
720175dfdeee47cca726ff74b40ee238,[<lambo.utils.FoldxMutation object at 0x7f05f09eab50>],526.072,526.07
ef929fd5f6cb4e328895c4278b616151,[<lambo.utils.FoldxMutation object at 0x7f05f08ffdf0>],526.072,526.07
51ad51ffebb34073a20e50ae7bb1a193,[<lambo.utils.FoldxMutation object at 0x7f05f08fd880>],525.927,525.898
97a429f40ed64a6094bc7344021341a8,[<lambo.utils.FoldxMutation object at 0x7fb99c350f70>],525.927,525.898
f48e5893cc76461599a42efbdf6713b6,[<lambo.utils.FoldxMutation object at 0x7fb993283d00>],525.927,525.898
35bf007559254fca843958d39cf696a4,[<lambo.utils.FoldxMutation object at 0x7fb99343e4c0>],525.927,525.898
938d77a7b22c49858bb6cd02b941248d,[<lambo.utils.FoldxMutation object at 0x7fb992739d60>],525.927,525.898
c57658e034674f749ca07993c3921d55,[<lambo.utils.FoldxMutation object at 0x7f4c2eba35e0>],525.927,525.898
14f97a28c822493486a689b9db83f859,[<lambo.utils.FoldxMutation object at 0x7f4c2db61fa0>],473.123,473.105
c00ba68b13604c7d8b70af55626ac168,[<lambo.utils.FoldxMutation object at 0x7f4c2ef1e040>],973.615,973.594
1d9e2793e623415485647debe91bf140,[<lambo.utils.FoldxMutation object at 0x7f4c2de53820>],977.895,977.881
7e6dfce7d50e4a4295af58032d6a00dc,[<lambo.utils.FoldxMutation object at 0x7f4c2db74a60>],830.269,830.267
e9be6e4ddee648e6a3df0a2b4ea84bf0,[<lambo.utils.FoldxMutation object at 0x7f4c2cba2ac0>],635.627,635.621
ee905fda02bf4bbf8096dd02ea84d603,[<lambo.utils.FoldxMutation object at 0x7f4c2d308d00>],630.054,630.037
a0232d3682944ab5a4af922b14259ee5,[<lambo.utils.FoldxMutation object at 0x7f4c2d52ee50>],676.165,676.208
d37e62ab2dc242c481d239a9b15c2116,[<lambo.utils.FoldxMutation object at 0x7f4c2d52ee20>],839.994,839.963
9872a595ea2a4174815c4dba55fd0548,[<lambo.utils.FoldxMutation object at 0x7f4c2e4c8ee0>],775.028,775.019
2972de9df3fe4f619d0e2b6a38efac62,[<lambo.utils.FoldxMutation object at 0x7f4c2dd81dc0>],967.387,967.381
837ee6d9767d4669aedcbfd033c98ade,[<lambo.utils.FoldxMutation object at 0x7f4c2e1ed460>],836.422,836.4
9e9cb44793e54e5eb48635d532f8fb0f,[<lambo.utils.FoldxMutation object at 0x7f4c2dd6e370>],1046.19,1046.18
5a01d75ac256446fae7b04c6e8a29469,[<lambo.utils.FoldxMutation object at 0x7f4c2d9afee0>],766.497,766.473
fc7115bf0a4e440788f0eb248316fdd3,[<lambo.utils.FoldxMutation object at 0x7f4c2d44c040>],717.024,717.024
ff38127ac2774736a6c8d6bcb377c4db,[<lambo.utils.FoldxMutation object at 0x7f4c2e112c10>],594.287,594.269
4c8a9e3e0f9d4cc6a219ccdb3839512c,[<lambo.utils.FoldxMutation object at 0x7f646e72b9a0>],525.927,525.898
4b987216073742a0a00ac028ea9f7152,[<lambo.utils.FoldxMutation object at 0x7f646e197e20>],473.123,473.105
28b25aa1a7634a49a58bdb002140809f,[<lambo.utils.FoldxMutation object at 0x7f646ce6aa60>],973.615,973.594
7d1ac66e4fcf4f2fa7152640431404a2,[<lambo.utils.FoldxMutation object at 0x7f646e5c3100>],977.895,977.881
