foldx_seq,SASA,energy,ratio_AKT_domain,ratio_AKT,ratio_peptide
DAGVIPRLVQLLVKAHQDAQRHAASGTQQPYTDGVRMEEIVEGCTGALHILA,,,,,
EAAVIPRLVQLLVKAHQDAQRHVAAGTQQPYTDGVRMEEIVEGCTGALHILA,,,,,
EQGALHRLVQLLMRAHQDTQRRSSMGSTGSQGGNYADGVRMEDIVEGTTGALHILA,,,,,
ETGAIPRLVNLLLKAHQDTQRHASSAQQTYQDGVRMEEIVEGCTGALHIMA,,,,,
EHGALPRIVQLLIRAHQDTQRRASISSNGPPMTGYVDGVRMEEIVEGTVGPFHILA,,,,,
EAGAIPRLVNLLLKAHQDLQRLSTQNTYQDGVSMEEIVEGCTGALHILA,,,,,
DAGAIPRLVNLLLRAHQDAQKHDSSAHQTYQDGVKMEEIVEGCTGALHILA,,,,,
EHGAIHHLVQLLMRAFQDTQRRASVASGGSQQPGAYADGVRMEEIVEGTVGALHILA,,,,,
EHGAIPRLVQLLHKSYQDTQRQRSSVASNGSQGAYSDGVRMEEIVESTVGALHILA,,,,,
ENGGIHRLCQLLSNAHQIVQRQLSLGPDTKPARVDGVAMEEIVEGCVGALHILA,,,,,
QNGGIHRLCQLLSKAHEMVQRRLALAPDAGPARVEGVQMEEIVEGCVGALHVLA,,,,,
EQGCIPKLWQLLNRSFQELQRRSGQPGMALGIVDGVSMNEVVECSTAALHLLA,,,,,
ECGGVHRLVELLIAARKDIDACNARGTSSFVDGVHMEEIVEGTTGALHILA,,,,,